fname,lname,date_time,unix_time,doy,email_address,toip,fmip,lat,long,payload
Yuki,Filip,2011-08-09 05:27:25,1312903645.0,44,YFilip@mail2paula.com,36.119.157.248,253.10.148.20,-27.143698,161.132456,822591
Carlos,Cuccaro,2011-08-26 20:09:34,1314425374.0,52,CCuccaro@roosh.com,60.154.44.156,49.65.140.46,47.319181,-143.807912,96511
Ezra,Bruchman,2011-09-28 12:51:33,1317250293.0,62,EBruchman@mail2nelson.com,204.115.186.186,215.213.197.121,-28.269363,-57.288696,519138
Minna,Linares,2011-10-11 09:40:07,1318362007.0,221,MLinares@mortaza.com,24.34.114.31,44.146.187.158,89.871554,89.601853,836785
Sena,Martiniz,2011-11-15 08:12:10,1321380730.0,238,SMartiniz@jazzfan.com,243.111.223.184,131.191.134.240,71.447615,112.937158,359339
Robbi,Kahrs,2011-12-19 17:36:55,1324352215.0,271,RKahrs@mail2vamoose.com,171.137.167.25,91.254.86.255,53.247995,88.625191,46228
Sherill,Pinedo,2011-12-30 05:42:26,1325259746.0,284,SPinedo@the-newsletter.net,169.145.232.17,220.89.189.221,-63.151441,-6.93564,135392
Dagny,Cedillos,2012-02-13 10:36:03,1329165363.0,319,DCedillos@arcademaster.com,249.73.103.115,27.29.46.24,4.511033,-66.526124,493731
Ozie,Guitterez,2012-02-21 09:53:26,1329854006.0,353,OGuitterez@joymail.com,43.111.203.196,85.10.149.69,-57.024833,-119.219386,624857
Nilsa,Morr,2012-03-02 19:02:16,1330750936.0,364,NMorr@mail2timothy.com,180.185.221.83,158.114.23.134,-10.944418,30.287608,97614
